{
  "friends" : [ {
    "userIds" : [ "00186601564518268911" ],
    "profileIds" : [ "118288707305026909223" ],
    "contactId" : "-1",
    "photoUrl" : "/s2/photos/public/AIbEiAIAAABECKfo4enWzKLn_QEiC3ZjYXJkX3Bob3RvKihkMmQ3ODE1Zjc1NTVkMDNhNDc0YTk1ZWIzOTNmOTRjNzI5MzY2NzA5MAHBRom8Q9JW93CiTMen6hUhHjFFuQ",
    "stream" : "user/00186601564518268911/state/com.google/broadcast",
    "flags" : 33,
    "displayName" : "Meredith Lv",
    "givenName" : "Meredith",
    "n" : "",
    "p" : "",
    "hasSharedItemsOnProfile" : false
  } ]
}