{
  "id" : "user/00186601564518268911/state/com.google/starred",
  "title" : "meredith の Google リーダー スター付きアイテム",
  "author" : "meredith",
  "updated" : 1341076260,
  "direction" : "ltr",
  "items" : [ {
    "isReadStateLocked" : true,
    "crawlTimeMsec" : "1341076260728",
    "timestampUsec" : "1341076260728956",
    "id" : "tag:google.com,2005:reader/item/053acda2f8b7fa30",
    "categories" : [ "user/00186601564518268911/state/com.google/read", "user/00186601564518268911/state/com.google/starred", "Xiaomi 小米科技 / 米聊 / MIUI" ],
    "title" : "小米《致广大小米手机用户倡议书》",
    "published" : 1341064902,
    "updated" : 1341064902,
    "alternate" : [ {
      "href" : "http://www.cnbeta.com/articles/194865.htm",
      "type" : "text/html"
    } ],
    "summary" : {
      "direction" : "ltr",
      "content" : "<span style=\"font-weight:bold\">今天早上升级的“小3”大战已经愈演愈烈，对此小米官方正式在微博上《致广大小米手机用户倡议书》，写到：</span>近期由于某公司恶意攻击诋毁<a href=\"http://s.weibo.com/weibo/%25E5%25B0%258F%25E7%25B1%25B3%25E6%2589%258B%25E6%259C%25BA\">#小米手机#</a>，企图通过混淆是非、颠倒黑白的方式达到其自我炒作的目的。众多用户对其进行了反击，大家在陈述事实、以正视听的同时，小米公司倡导：1、不参与骂战，坚持客观冷静表达自己意见。2、文明用语，杜绝不当用语。<a title=\"http://bbs.xiaomi.cn/thread-4109007-1-1.html\" href=\"http://t.cn/zW4WEhk\">http://t.cn/zW4WEhk</a><img width=\"1\" height=\"1\" src=\"http://cnbeta.feedsportal.com/c/34306/f/624776/s/20e04ea2/mf.gif\" border=\"0\"><div><table border=\"0\"><tr><td valign=\"middle\"><a href=\"http://share.feedsportal.com/viral/sendEmail.cfm?lang=en&amp;title=%E5%B0%8F%E7%B1%B3%E3%80%8A%E8%87%B4%E5%B9%BF%E5%A4%A7%E5%B0%8F%E7%B1%B3%E6%89%8B%E6%9C%BA%E7%94%A8%E6%88%B7%E5%80%A1%E8%AE%AE%E4%B9%A6%E3%80%8B&amp;link=http%3A%2F%2Fwww.cnbeta.com%2Farticles%2F194865.htm\"><img src=\"http://res3.feedsportal.com/images/emailthis2.gif\" border=\"0\"></a></td><td valign=\"middle\"><a href=\"http://res.feedsportal.com/viral/bookmark.cfm?title=%E5%B0%8F%E7%B1%B3%E3%80%8A%E8%87%B4%E5%B9%BF%E5%A4%A7%E5%B0%8F%E7%B1%B3%E6%89%8B%E6%9C%BA%E7%94%A8%E6%88%B7%E5%80%A1%E8%AE%AE%E4%B9%A6%E3%80%8B&amp;link=http%3A%2F%2Fwww.cnbeta.com%2Farticles%2F194865.htm\"><img src=\"http://res3.feedsportal.com/images/bookmark.gif\" border=\"0\"></a></td></tr></table></div>"
    },
    "comments" : [ ],
    "annotations" : [ ],
    "origin" : {
      "streamId" : "feed/http://www.cnbeta.com/backend.php",
      "title" : "cnBeta.COM",
      "htmlUrl" : "http://www.cnbeta.com"
    }
  } ]
}